{"cameraMode":{"drawMode":0,"name":"Shaded","section":"Shading Mode"},"sceneLighting":false,"audioPlay":false,"sceneViewState":{"m_AlwaysRefresh":false,"showFog":true,"showSkybox":false,"showFlares":true,"showImageEffects":true,"showParticleSystems":true,"showVisualEffectGraphs":true,"m_FxEnabled":true},"in2DMode":false,"pivot":{"x":-0.055706243962049487,"y":-0.015064988285303116,"z":-0.3857356011867523},"rotation":{"x":-0.019490640610456468,"y":0.029979800805449487,"z":-0.0005898194503970444,"w":-0.9993680715560913},"size":0.10371726006269455,"orthographic":false}