{"cameraMode":{"drawMode":0,"name":"Shaded","section":"Shading Mode"},"sceneLighting":false,"audioPlay":false,"sceneViewState":{"m_AlwaysRefresh":false,"showFog":true,"showSkybox":false,"showFlares":true,"showImageEffects":true,"showParticleSystems":true,"showVisualEffectGraphs":true,"m_FxEnabled":true},"in2DMode":false,"pivot":{"x":5.826557636260986,"y":14.522470474243164,"z":-4.095341682434082},"rotation":{"x":-0.21870285272598267,"y":-0.011420359835028649,"z":0.0025598572101444008,"w":-0.9757222533226013},"size":4.829422473907471,"orthographic":false}