{"cameraMode":{"drawMode":0,"name":"Shaded","section":"Shading Mode"},"sceneLighting":true,"audioPlay":false,"sceneViewState":{"m_AlwaysRefresh":false,"showFog":true,"showSkybox":true,"showFlares":true,"showImageEffects":true,"showParticleSystems":true,"showVisualEffectGraphs":true,"m_FxEnabled":true},"in2DMode":false,"pivot":{"x":-16.871679306030275,"y":-12.495328903198243,"z":27.978763580322267},"rotation":{"x":0.12922923266887666,"y":-0.8441427946090698,"z":0.23498734831809998,"w":0.46422773599624636},"size":27.694684982299806,"orthographic":true}