{"cameraMode":{"drawMode":0,"name":"Shaded","section":"Shading Mode"},"sceneLighting":true,"audioPlay":false,"sceneViewState":{"m_AlwaysRefresh":false,"showFog":true,"showSkybox":true,"showFlares":true,"showImageEffects":true,"showParticleSystems":true,"showVisualEffectGraphs":true,"m_FxEnabled":true},"in2DMode":false,"pivot":{"x":335.7983703613281,"y":223.22325134277345,"z":65.25918579101563},"rotation":{"x":0.032342083752155307,"y":-0.055442556738853458,"z":0.0017966291634365917,"w":0.9979374408721924},"size":236.92332458496095,"orthographic":true}