{"cameraMode":{"drawMode":0,"name":"Shaded","section":"Shading Mode"},"sceneLighting":true,"audioPlay":false,"sceneViewState":{"m_AlwaysRefresh":false,"showFog":true,"showSkybox":true,"showFlares":true,"showImageEffects":true,"showParticleSystems":true,"showVisualEffectGraphs":true,"m_FxEnabled":true},"in2DMode":false,"pivot":{"x":-2.0091135501861574,"y":-2.1841354370117189,"z":4.7137651443481449},"rotation":{"x":-0.04863720387220383,"y":-0.8242583870887756,"z":0.5595579147338867,"w":-0.07164602726697922},"size":33.19243621826172,"orthographic":true}