{"cameraMode":{"drawMode":0,"name":"Shaded","section":"Shading Mode"},"sceneLighting":true,"audioPlay":false,"sceneViewState":{"m_AlwaysRefresh":false,"showFog":true,"showSkybox":true,"showFlares":true,"showImageEffects":true,"showParticleSystems":true,"showVisualEffectGraphs":true,"m_FxEnabled":true},"in2DMode":false,"pivot":{"x":0.6922673583030701,"y":-0.6090495586395264,"z":-1.7107864618301392},"rotation":{"x":0.2954522967338562,"y":-0.6955305933952332,"z":0.3912440836429596,"w":0.5252381563186646},"size":14.739133834838868,"orthographic":true}