{"cameraMode":{"drawMode":0,"name":"Shaded","section":"Shading Mode"},"sceneLighting":true,"audioPlay":false,"sceneViewState":{"m_AlwaysRefresh":false,"showFog":true,"showSkybox":true,"showFlares":true,"showImageEffects":true,"showParticleSystems":true,"showVisualEffectGraphs":true,"m_FxEnabled":true},"in2DMode":false,"pivot":{"x":2.613304615020752,"y":8.001884460449219,"z":-17.922847747802736},"rotation":{"x":0.1863623410463333,"y":-0.020630434155464174,"z":0.003914185333997011,"w":0.9822566509246826},"size":2.0886058807373049,"orthographic":false}