{"cameraMode":{"drawMode":0,"name":"Shaded","section":"Shading Mode"},"sceneLighting":false,"audioPlay":false,"sceneViewState":{"m_AlwaysRefresh":false,"showFog":true,"showSkybox":false,"showFlares":true,"showImageEffects":true,"showParticleSystems":true,"showVisualEffectGraphs":true,"m_FxEnabled":true},"in2DMode":false,"pivot":{"x":-0.5161817669868469,"y":0.9599993824958801,"z":3.6550748348236086},"rotation":{"x":-0.0002199014270445332,"y":-0.9992490410804749,"z":0.03838760033249855,"w":-0.005699519999325275},"size":1.1782995462417603,"orthographic":true}