{"cameraMode":{"drawMode":0,"name":"Shaded","section":"Shading Mode"},"sceneLighting":false,"audioPlay":false,"sceneViewState":{"m_AlwaysRefresh":false,"showFog":true,"showSkybox":false,"showFlares":true,"showImageEffects":true,"showParticleSystems":true,"showVisualEffectGraphs":true,"m_FxEnabled":true},"in2DMode":false,"pivot":{"x":-0.3159523010253906,"y":1.5309979915618897,"z":-0.12233365327119827},"rotation":{"x":0.007382674608379602,"y":0.9920229315757752,"z":0.07005368173122406,"w":-0.10454709827899933},"size":2.699404239654541,"orthographic":false}