{"cameraMode":{"drawMode":0,"name":"Shaded","section":"Shading Mode"},"sceneLighting":false,"audioPlay":false,"sceneViewState":{"m_AlwaysRefresh":false,"showFog":true,"showSkybox":false,"showFlares":true,"showImageEffects":true,"showParticleSystems":true,"showVisualEffectGraphs":true,"m_FxEnabled":true},"in2DMode":false,"pivot":{"x":-1.8702747821807862,"y":-0.5292587280273438,"z":2.6641650199890138},"rotation":{"x":0.035053420811891559,"y":-0.22675760090351106,"z":0.008166865445673466,"w":0.973285436630249},"size":4.605627536773682,"orthographic":false}