{"cameraMode":{"drawMode":0,"name":"Shaded","section":"Shading Mode"},"sceneLighting":false,"audioPlay":false,"sceneViewState":{"m_AlwaysRefresh":false,"showFog":true,"showSkybox":false,"showFlares":true,"showImageEffects":true,"showParticleSystems":true,"showVisualEffectGraphs":true,"m_FxEnabled":true},"in2DMode":false,"pivot":{"x":-14.457937240600586,"y":2.655492067337036,"z":-20.873733520507814},"rotation":{"x":0.018259234726428987,"y":-0.7363112568855286,"z":0.0198852326720953,"w":0.6761029362678528},"size":3.8744959831237795,"orthographic":true}